<?xml version='1.0' encoding='UTF-8'?>  
<!DOCTYPE hibernate-mapping PUBLIC  
 "-//Hibernate/Hibernate Mapping DTD 3.0//EN"  
 "/home/pp/chandan/connector/hibernate-mapping-3.0.dtd">
 
 <hibernate-mapping package="com.HQLprogram.CustomerDTO">
 <class name="com.HQLprogram.CustomerDTO" table="customer">
 
 <id name="cid" column="Customer_Id">
 <generator class="increment"></generator>
 </id>
 <property name="firstname" column="FIRST_NAME"></property>
 <property name="lastname" column="LAST_NAME"></property>
 <property name="mobile" column="MOBILE_NO"></property>
 <property name="address" column="ADDRESS"></property>
 <property name="city" column="CITY"></property>
 <property name="pincode" column="PINCODE"></property>
 
 </class>
 </hibernate-mapping>