<?xml version='1.0' encoding='UTF-8'?>  
<!DOCTYPE hibernate-configuration PUBLIC  
 "-//Hibernate/Hibernate Configuration DTD 3.0//EN"  
 "/home/pp/chandan/connector/hibernate-configuration-3.0.dtd">
 
 <hibernate-configuration>
 <session-factory>
	<property name="show_sql">true</property>
	<property name="formate_sql">true</property>
	<property name="hbm2ddl.auto">update</property>
	<property name="connection.driver_class">com.mysql.jdbc.Driver</property>
	<property name="connection.url">jdbc:mysql://localhost:3306/sandal</property>
	<property name="connection.username">root</property>
	<property name="connection.password">root</property>
	<property name="dialect">org.hibernate.dialect.MySQLDialect</property>
	<mapping resource="employeeDTO.hbm.xml"/>
 </session-factory>
 </hibernate-configuration>