<?xml version='1.0' encoding='UTF-8'?>  
<!DOCTYPE hibernate-mapping PUBLIC  
 "-//Hibernate/Hibernate Mapping DTD 3.0//EN"  
 "/home/pp/chandan/connector/hibernate-mapping-3.0.dtd">
 
 <hibernate-mapping package="com.products">
 <class name="ProductDTO" table="productData">
 <id name="pid" column="Prod_Id">
 <generator class="increment"></generator>
 </id>
 <property name="name" column="P_Name"></property>
 <property name="type" column="P_Type"></property>
 <property name="price" column="P_Price"></property>
 <property name="quantity" column="P_Qty"></property>
 
 </class>
 </hibernate-mapping>