<?xml version="1.0" encoding="UTF-8"?>
<classpath>
	<classpathentry kind="con" path="org.eclipse.jdt.launching.JRE_CONTAINER/org.eclipse.jdt.internal.debug.ui.launcher.StandardVMType/JavaSE-1.8"/>
	<classpathentry excluding="com/HQLprogram/EmpDataIN.java" kind="src" path="src"/>
	<classpathentry kind="lib" path="/home/pp/chandan/hibernatejar/antlr-2.7.6.jar"/>
	<classpathentry kind="lib" path="/home/pp/chandan/hibernatejar/asm.jar"/>
	<classpathentry kind="lib" path="/home/pp/chandan/hibernatejar/asm-attrs.jar"/>
	<classpathentry kind="lib" path="/home/pp/chandan/hibernatejar/c3p0-0.9.1.jar"/>
	<classpathentry kind="lib" path="/home/pp/chandan/hibernatejar/cglib-2.1.3.jar"/>
	<classpathentry kind="lib" path="/home/pp/chandan/hibernatejar/commons-collections-2.1.1.jar"/>
	<classpathentry kind="lib" path="/home/pp/chandan/hibernatejar/commons-logging-1.0.4.jar"/>
	<classpathentry kind="lib" path="/home/pp/chandan/hibernatejar/dom4j-1.6.1.jar"/>
	<classpathentry kind="lib" path="/home/pp/chandan/hibernatejar/ehcache-1.2.3.jar"/>
	<classpathentry kind="lib" path="/home/pp/chandan/hibernatejar/ejb3-persistence.jar"/>
	<classpathentry kind="lib" path="/home/pp/chandan/hibernatejar/hibernate3.jar"/>
	<classpathentry kind="lib" path="/home/pp/chandan/hibernatejar/hibernate-annotations.jar"/>
	<classpathentry kind="lib" path="/home/pp/chandan/hibernatejar/hibernate-commons-annotations.jar"/>
	<classpathentry kind="lib" path="/home/pp/chandan/hibernatejar/hibernate-validator.jar"/>
	<classpathentry kind="lib" path="/home/pp/chandan/hibernatejar/jdbc2_0-stdext.jar"/>
	<classpathentry kind="lib" path="/home/pp/chandan/hibernatejar/jta.jar"/>
	<classpathentry kind="lib" path="/home/pp/chandan/hibernatejar/log4j-1.2.11.jar"/>
	<classpathentry kind="lib" path="/home/pp/chandan/hibernatejar/mysql-connector.jar"/>
	<classpathentry kind="lib" path="/home/pp/chandan/hibernatejar/ojdbc14.jar"/>
	<classpathentry kind="lib" path="/home/pp/chandan/hibernatejar/xerces-2.6.2.jar"/>
	<classpathentry kind="output" path="bin"/>
</classpath>
